topic,count
Balistreri Inc,32
Littel Inc,82
"Nitzsche, Tillman and Grimes",13
Raynor-Haley,45
Morissette Group,35
Brekke and Sons,49
"Trantow, Hickle and Mitchell",10
"Heathcote, Witting and Conn",96
"Stiedemann, Stracke and Lesch",93
Klein Group,14
Doyle Group,31
"Durgan, Daugherty and Jaskolski",6
Yost-Harber,95
Bode and Sons,76
"Wunsch, Gutkowski and Leffler",59
Cormier and Sons,15
Kozey LLC,37
"Ullrich, Prohaska and Turcotte",24
"Hartmann, Witting and Prosacco",54
Daniel-Kuvalis,15
"Nolan, Okuneva and Jacobson",6
Ziemann and Sons,49
Romaguera-Nikolaus,21
Hoppe-DuBuque,77
Wyman-Balistreri,64
"Weber, Collier and Jacobs",10
Berge-Pacocha,93
Kris-Gibson,17
Bauch and Sons,38
Breitenberg-Schneider,17
"Kunze, Pagac and Mante",15
McKenzie Inc,64
"Schaden, Hills and Macejkovic",22
"Brakus, Bahringer and Jacobs",41
Roberts-Luettgen,93
"Legros, Bechtelar and Kuhic",6
Hirthe-Hartmann,28
"Dietrich, Doyle and Bogan",55
Stamm and Sons,15
Buckridge and Sons,72
King LLC,82
Jast-Gulgowski,1
Lang LLC,62
Turner-Wiegand,12
"Veum, Hartmann and Herzog",34
Lehner Inc,99
McDermott-Littel,61
"Murazik, Cremin and Corkery",63
"Ortiz, Ferry and Parker",43
"Jaskolski, Brakus and Johnston",95
"Kautzer, Kreiger and Swift",98
"Hintz, Mosciski and Shields",39
Bogisich Group,68
"Von, Rath and Bergnaum",22
Wuckert Group,76
"Mosciski, Haley and Stokes",53
"Moore, Armstrong and Quitzon",66
"Beahan, Larson and Cummerata",74
"Kris, Prohaska and Herzog",1
"Ryan, Kerluke and Rice",4
Torp-Effertz,75
Parisian-Mayert,75
Aufderhar Inc,15
Cummings-Balistreri,43
"Pollich, Turner and Douglas",88
"Jenkins, Cummings and Veum",4
Little Group,66
"Renner, Schulist and Gibson",48
"Fahey, Carter and Conn",89
Fay Group,29
Koelpin-Dickinson,40
Bosco-Donnelly,4
"Schneider, Thiel and Pouros",82
Stehr LLC,49
Blanda and Sons,81
Botsford LLC,46
Lindgren-Tremblay,98
Yost Inc,22
Botsford-Johnson,25
Beahan-Rogahn,97
Langosh-Durgan,46
Daniel Inc,71
Gorczany LLC,45
Schaefer-Walsh,78
Fadel LLC,21
"Walker, Bode and Heathcote",57
Padberg Inc,39
"Hickle, Bernhard and Halvorson",83
Beer and Sons,82
"Stroman, Buckridge and Jakubowski",82
Hilpert-Ratke,95
Bogisich LLC,8
Schiller-Kulas,96
McClure-Zemlak,71
Brekke Group,66
Murray LLC,9
Ernser Group,82
Walter Group,68
Ruecker-Emard,16
Spencer-VonRueden,34
Bins-Senger,96
Lynch and Sons,10
Yost-Dickinson,29
Gulgowski Group,57
"Steuber, Wilkinson and Bashirian",53
Marvin Group,71
"Miller, Christiansen and Simonis",51
Boehm-Crooks,21
Jacobson Group,85
Ratke LLC,8
Langosh-Kemmer,34
"Lubowitz, Predovic and Ritchie",23
Rutherford-Bogisich,14
Stehr-Kassulke,17
Cummings-Runolfsson,20
"D'Amore, Beer and Considine",87
Stamm-Stark,47
Gaylord-Quigley,32
Schiller LLC,3
"Kutch, McClure and Carter",30
"Schuppe, Beahan and Ryan",71
Bergstrom Group,100
Larkin Inc,76
Kuphal-Greenfelder,65
Mohr-Christiansen,68
Kreiger LLC,81
Waters LLC,43
Reinger and Sons,22
Lubowitz LLC,50
Boyle Inc,94
Zieme-Bradtke,83
Maggio-Hane,11
"Green, Smith and Braun",89
Hoeger LLC,85
Bode Inc,50
Kulas Group,38
"Marks, Emmerich and White",91
Hand LLC,99
"Waters, Kuphal and Reynolds",47
Bogan-Schamberger,90
Roob Inc,62
"Weimann, Bosco and Strosin",26
Hoeger Inc,100
"Collins, Spencer and Frami",60
"Kuhn, Prosacco and Cronin",4
Morar-Frami,29
"Lehner, Aufderhar and Rutherford",21
"Parisian, Crooks and Volkman",30
"Pfeffer, Grimes and Schulist",55
Kling Group,13
"Russel, Durgan and Hettinger",73
Koss and Sons,93
Hegmann-Runte,6
Breitenberg Inc,27
Denesik Group,18
Dach and Sons,66
Langosh LLC,48
Olson Group,12
Bechtelar-Pfannerstill,90
Leffler Group,92
Rath-Rempel,72
"Jacobi, Gutkowski and McCullough",80
Langworth Inc,28
Barrows Group,29
Corwin-Gibson,23
Runolfsdottir-Williamson,13
Koepp-Deckow,68
"Schneider, O'Conner and Mertz",95
Cronin-Nikolaus,73
Crist Group,64
Ritchie-Volkman,42
Greenfelder-Carter,95
"Mayer, Nicolas and Berge",85
Gaylord-Bins,65
Runte-Romaguera,83
Mitchell-Bernhard,25
Hauck-Tillman,7
Dickens-Bashirian,52
Legros LLC,1
"Vandervort, Hudson and D'Amore",60
"Ledner, Ziemann and Hackett",84
White-Zieme,17
McKenzie LLC,47
Schroeder-Olson,13
Carroll Inc,93
"Schroeder, Hamill and Fisher",55
"Marvin, Hirthe and Predovic",13
"Armstrong, Smitham and Metz",86
"Stoltenberg, Gutmann and Bergstrom",25
Schumm-Schinner,38
Lind-Stark,95
"Kilback, Monahan and Mayert",7
"Kassulke, Altenwerth and Orn",95
"Bernhard, White and Schuster",20
Hessel and Sons,64
Hudson-Abernathy,61
Collins LLC,8
Brown Group,48
"McDermott, Johnson and Brekke",98
"Renner, Mohr and O'Keefe",53
"Gleason, Wolff and Cormier",19
Collins-Leffler,39
Lang-Brekke,44
"Wolff, Weimann and Lesch",1
King-Boehm,92
Mills Inc,68
Runolfsson-Lynch,49
"Block, Ortiz and Parisian",97
Hettinger LLC,33
Homenick Inc,36
"Reichert, Botsford and Yost",81
"Roberts, Block and Mraz",11
Stamm Group,11
Nienow-Little,99
"Lakin, Collier and Christiansen",81
Feeney-Considine,89
Roberts-Weissnat,27
Altenwerth Group,54
King-Torp,70
Okuneva-Stokes,46
Kihn-Buckridge,67
Kuhic Inc,90
Will and Sons,96
"Kemmer, Wilderman and Wilderman",71
Abernathy Group,32
Tromp Inc,41
Heidenreich and Sons,95
"Grady, Carroll and Hahn",97
Huel LLC,88
"Douglas, D'Amore and Stroman",21
Erdman-Beahan,70
Brekke-Hettinger,3
MacGyver-Klocko,23
Gibson Inc,80
Boyle-Rippin,54
Larkin LLC,41
"Ryan, Witting and Carter",58
"Berge, Herzog and Grady",42
Conn-Mraz,4
Hamill-Parker,41
"Runte, Connelly and Welch",48
Larson-Ortiz,63
Romaguera Inc,60
"Rodriguez, Huel and Tromp",62
Auer Inc,7
Lemke LLC,58
"Mraz, Johnson and Tillman",9
"Daniel, Friesen and McDermott",20
"Dach, Feil and Schinner",63
Leuschke-Jakubowski,20
Thompson-Marquardt,87
Kautzer-Goyette,63
Bode-Doyle,59
Bradtke LLC,14
Schuster-Leannon,61
Zemlak Group,13
Schuster Group,23
Feeney Inc,22
Jast LLC,81
"Bednar, Bailey and Sporer",45
"Bins, Prohaska and Denesik",42
VonRueden and Sons,45
"Feeney, Rutherford and Hermiston",87
Spinka-Ledner,40
Grant Group,18
Stroman Group,59
Johnston-Gusikowski,33
Altenwerth and Sons,85
Little LLC,10
Schumm Inc,18
McDermott LLC,56
Blick Inc,49
Gaylord Group,72
Bednar-Beier,5
DuBuque and Sons,63
Carter and Sons,4
Kling-Kassulke,84
"Upton, West and Wisozk",87
"Murray, Labadie and Kirlin",57
Muller-Schroeder,20
"Hoppe, Leffler and Zulauf",27
"Mohr, Windler and Reichert",81
Becker and Sons,64
Glover Group,78
Orn and Sons,65
Johns Group,7
Toy Inc,76
Ebert-Lebsack,9
"Reilly, Walsh and Bode",86
"Huels, Friesen and Walter",72
"Graham, Ankunding and Kozey",74
Rippin Inc,3
Rempel-Gutmann,62
Hauck LLC,58
"Morar, Ledner and Dibbert",68
"Brown, Metz and Monahan",93
Koelpin-Fahey,55
Rosenbaum Group,7
Hettinger-Toy,32
Doyle Group,87
Lowe-Orn,8
Labadie-Kihn,57
Mertz Group,7
Murray LLC,47
Morar Group,9
Moore Inc,36
O'Hara-Lueilwitz,61
Prohaska Inc,24
Berge-Cummings,88
"Kihn, Pouros and Ratke",75
Rippin Group,2
Hermann-Conn,53
"Hegmann, D'Amore and Beahan",70
"Lockman, Halvorson and Prosacco",3
"Schowalter, Mueller and Steuber",51
"Daugherty, Koss and Zulauf",81
Herman Inc,91
Veum-Rutherford,58
"Hand, Kertzmann and Jacobs",21
"Bartoletti, Runolfsson and Hammes",61
"Shields, Greenholt and Steuber",36
"Gleichner, Feil and Schultz",44
Wehner LLC,5
"Crona, Gulgowski and Schumm",67
Turner-Schroeder,8
Bernhard Inc,30
"Nikolaus, Nicolas and Block",74
Sanford-McLaughlin,96
"Jast, Koch and Gleason",18
"Breitenberg, Champlin and McDermott",83
Pouros Inc,28
Robel-Moore,38
Mueller-Kuphal,44
Kuhlman-Wunsch,90
"Fritsch, Bosco and Baumbach",17
Cole-Rippin,57
Marks-Okuneva,1
"Lakin, Okuneva and Gerlach",12
Ferry LLC,63
"Adams, Breitenberg and Reilly",62
Leuschke and Sons,5
Schmitt Inc,87
Fay LLC,6
Connelly-Heaney,95
Fritsch Group,31
Kuhlman-Purdy,52
Hoppe-McClure,23
"Keeling, Herzog and Kihn",86
Maggio LLC,84
"Pouros, Glover and Will",1
Quigley-O'Connell,52
Hartmann-Gutkowski,80
Gibson-Wehner,9
Bradtke-Trantow,10
"Williamson, Gleichner and Considine",48
Mosciski Inc,72
Anderson-Spinka,77
Legros-Hayes,57
O'Conner-Herzog,1
Brown LLC,32
Ortiz-Mante,60
Altenwerth-Stamm,70
Jacobs and Sons,53
"Schultz, Konopelski and Gorczany",4
Grady and Sons,6
Zemlak-Hoeger,74
"Renner, Sporer and Rohan",47
"Dibbert, Stroman and Heaney",96
Schoen-Cormier,6
Quitzon Inc,12
Boyle LLC,25
"Kreiger, Russel and Doyle",64
Beier-Bailey,28
"Schuster, Witting and Goldner",47
"Schmeler, Sauer and Sporer",50
Herman-Reichel,1
Batz Group,99
Hermann Group,86
Renner Inc,59
Schmeler-Stoltenberg,31
"Hoppe, Wiegand and Littel",50
"Kshlerin, Rice and Funk",74
Roberts LLC,33
"Wunsch, Wisozk and Schoen",63
"Roob, D'Amore and Marquardt",15
Stoltenberg Inc,72
Hammes-Pfannerstill,12
Weber-Glover,11
"Schinner, Kreiger and Zboncak",41
Hills-Schulist,53
"Dicki, Rosenbaum and Hickle",30
Mayert-Willms,4
Runolfsson-Schamberger,7
Davis and Sons,52
Murray-Rath,24
Schiller and Sons,63
Macejkovic and Sons,15
Schamberger-Huels,2
"Terry, Skiles and Beer",61
Hartmann and Sons,29
Borer-Bartell,42
Tromp-Padberg,64
Zulauf Group,70
Graham-Price,93
"Collins, Grant and Nienow",72
"Lind, Sporer and Jerde",63
Nitzsche LLC,88
"Batz, Lowe and Maggio",80
"Cassin, Funk and Smitham",25
Mueller and Sons,54
Kihn-Pagac,12
Schamberger-Predovic,45
"Stamm, Sporer and Johns",30
"Pacocha, Effertz and Konopelski",67
"Littel, Jakubowski and Wilderman",22
"Hegmann, Walker and Mante",51
Runolfsdottir Group,77
Casper and Sons,78
Leannon-Klein,78
Cassin and Sons,56
Dooley-Christiansen,61
Bogisich-McCullough,86
"Douglas, Jacobi and Kulas",73
Christiansen-Fay,23
Bernhard and Sons,23
Mohr LLC,30
"Klocko, Keebler and Dietrich",42
Jenkins-Mayer,91
Heaney LLC,38
Von-Grant,82
Gibson-Skiles,24
Kuhlman and Sons,99
"Hessel, Brakus and Macejkovic",72
"Schowalter, Bailey and Barton",17
"McDermott, Heller and Johnson",96
Ondricka and Sons,28
"Yundt, Abbott and Little",49
Fahey and Sons,59
Hauck-Marvin,1
Lowe and Sons,2
Parisian Group,78
Hudson-Fay,41
Greenfelder-Leffler,63
"Spinka, Hagenes and Satterfield",11
"Okuneva, Bosco and Konopelski",80
"Stehr, Pacocha and Bernhard",39
Zieme-Leuschke,75
"Marquardt, Stroman and Herman",18
"Nolan, Senger and Lesch",93
Gutmann-Daniel,60
"Dare, Marquardt and Stoltenberg",74
O'Conner-Fritsch,9
Tromp-Swift,43
Quigley Inc,36
"Kulas, Cruickshank and Kuhic",95
"Emard, Friesen and Effertz",98
White-King,83
"Balistreri, Kessler and Borer",85
Reinger-Blanda,37
Dare LLC,54
Brekke-Lebsack,55
Schamberger-Heaney,61
McClure-Schinner,3
Wisoky and Sons,62
"Mertz, Kerluke and Mueller",86
"Kemmer, Russel and Gusikowski",77
Rice-Stroman,77
"Labadie, Welch and Hintz",57
Williamson-Kessler,14
Wilderman and Sons,38
Jacobson and Sons,55
Zemlak LLC,87
Douglas-Collins,59
"Nitzsche, Bergnaum and O'Hara",78
Harvey-Toy,48
"Smitham, Mitchell and Koch",31
Johnston LLC,17
"Larson, Leffler and Schoen",64
Ratke LLC,67
Hartmann-Homenick,59
Gorczany-Walsh,38
Hauck-Auer,54
Kuhn Group,36
"Nicolas, Farrell and Daniel",32
Shanahan-Ziemann,46
Rath-Balistreri,50
Bogisich Inc,84
"McLaughlin, Turcotte and Satterfield",10
Parisian and Sons,18
Hansen-Zieme,59
Dare-Murray,69
Armstrong and Sons,70
"Friesen, Padberg and Bashirian",49
Kihn and Sons,63
"Kovacek, Zemlak and Larson",62
"Schumm, Abshire and Roberts",10
Marvin-Roob,87
Keeling-Morissette,48
Erdman-Dicki,28
"Gibson, Marvin and Kulas",73
O'Hara Inc,59
"Ritchie, Pollich and Moen",44
Kling-Wisoky,96
"Lueilwitz, Huels and Gutkowski",68
Cremin-Dicki,22
Hand Group,59
Quitzon Inc,76
"Collier, Feil and Ruecker",82
"Crist, Konopelski and Stark",29
"Lockman, Wiza and Wyman",27
Conn LLC,54
"Friesen, Treutel and Kulas",95
Tillman Group,92
"Haley, Swaniawski and Braun",27
"Keeling, Crona and Mayer",29
Pfannerstill-Lind,71
Satterfield-Kuphal,49
"Lowe, Boyer and Renner",83
Lueilwitz Inc,15
Boyer-Gulgowski,3
Wehner LLC,57
"Schmeler, Weber and Rodriguez",85
Hamill-Feest,68
Toy-Yost,72
Wuckert LLC,83
Bernhard Inc,38
Rippin Inc,34
Hackett-Orn,17
"Kerluke, Feest and Miller",24
"Balistreri, Kuhic and Wolff",94
Hudson-Hyatt,32
Schuster-West,41
"Kunde, Marquardt and Price",25
"McLaughlin, Carter and Schowalter",73
Medhurst-Beahan,15
Harris Group,81
Schuster LLC,11
Gottlieb LLC,86
Gleichner-Reinger,31
Torphy-Morissette,91
Kshlerin LLC,54
Klocko and Sons,20
"Dickinson, Littel and McCullough",78
"Gleason, Pagac and Quitzon",32
Cummerata Inc,24
Runte-Turcotte,79
Kshlerin Inc,26
"Blick, Stamm and Dach",75
"Murray, Wintheiser and Kerluke",5
McClure-Armstrong,59
Torp Inc,73
"Steuber, Ankunding and Thompson",20
Weber-Witting,79
"Bernhard, Mann and Hodkiewicz",71
"Herzog, Kshlerin and Kuhlman",64
Deckow and Sons,68
"Connelly, Feest and Corkery",25
"Konopelski, Hamill and Hamill",92
"Graham, Prosacco and Shanahan",50
Pfannerstill-Gislason,97
Hoeger-Trantow,92
"Cronin, Cummerata and Weissnat",45
Wunsch-Schoen,87
Okuneva Inc,85
"Ankunding, Gottlieb and Kovacek",87
Nader and Sons,5
Price Group,93
Reynolds LLC,81
King and Sons,9
"Will, Bartoletti and Medhurst",41
Hessel-Wehner,89
Mante-Klein,19
"Gottlieb, Hilpert and Herman",30
Simonis-Watsica,58
"Schuppe, Osinski and Bashirian",9
Wintheiser-Ferry,29
"Kihn, Sanford and Rath",47
Smitham-Kunde,11
"Koepp, Crist and Von",55
Prohaska Group,40
"Pfannerstill, Hoeger and Rath",72
Hudson Inc,88
"Oberbrunner, Goodwin and Romaguera",91
"Runte, Goodwin and Ward",33
"Predovic, Hauck and Little",17
Sawayn LLC,21
Kutch-Reilly,94
"Treutel, Von and Olson",15
Botsford Inc,72
Heller-Erdman,92
Wintheiser LLC,2
Witting-Mosciski,89
Kuvalis LLC,89
Ortiz and Sons,6
Ruecker-Ratke,9
Volkman and Sons,39
"Erdman, Kautzer and Berge",33
Beier LLC,21
Hauck-Macejkovic,6
Johnston-Hintz,75
MacGyver-Hessel,39
Greenholt LLC,22
Borer-Towne,33
Mann-Tillman,82
Kunze and Sons,60
Hettinger-Will,37
"Prosacco, Zulauf and Wiza",46
"Rempel, Macejkovic and Marquardt",88
Kohler and Sons,74
"Barrows, White and Schneider",61
Konopelski-Carroll,89
Gislason-Rippin,62
Hane-Hyatt,62
Schuppe-Watsica,83
Gulgowski LLC,86
"Hauck, Bins and Yost",64
Auer and Sons,70
"Crooks, Fay and Anderson",47
Swaniawski-Hammes,65
Schamberger-Lynch,54
"Lehner, Kovacek and Nolan",81
Zulauf Group,28
Kris-Hyatt,31
"Schiller, Casper and Kuhn",57
Kautzer LLC,13
Hartmann LLC,96
"Botsford, Pagac and Hauck",41
Lehner Inc,84
Gottlieb LLC,83
"Rohan, Klein and Hand",77
"Keeling, Hagenes and Auer",74
"Ruecker, Feil and King",11
"MacGyver, Hahn and Hirthe",31
"DuBuque, Homenick and Hermiston",42
O'Kon-Hauck,58
Ruecker Group,99
"Rau, Runte and Johnson",54
Predovic-Nolan,46
Swaniawski-Gutkowski,34
"Steuber, Leuschke and Reilly",60
"Hoeger, Funk and Haley",97
Hudson Inc,87
Smitham-Gerhold,6
"Fisher, Senger and Cremin",51
Fisher Group,86
Dietrich-Wyman,18
Collier Inc,54
"Schulist, Breitenberg and Wisozk",2
Dooley-Corkery,47
Boehm LLC,99
Boyle Inc,27
"Ledner, Sawayn and Koss",5
"Keebler, Renner and Marks",79
Abbott-Goodwin,71
Fadel-Jacobi,7
"McClure, Pfannerstill and Pacocha",40
"Botsford, Oberbrunner and Feil",25
Hirthe-Hoppe,12
King Group,11
"Huel, Klocko and Runolfsson",57
Carter-Mills,48
Hirthe and Sons,99
"Reichert, Murazik and Wolf",23
Glover and Sons,72
"Ankunding, Ernser and Effertz",22
Hackett-Cormier,57
"Frami, Olson and Mills",95
Frami-Marks,54
Ferry Group,8
Cormier LLC,90
Lang-Goodwin,42
"Jakubowski, Windler and Bednar",66
Kertzmann and Sons,78
Cormier LLC,61
"Nader, Dach and Shields",62
"Feil, Hoeger and Beier",57
Cummerata and Sons,20
Dietrich-Bergnaum,67
"Hintz, Goyette and Shields",87
"Wyman, Jones and Bartoletti",55
Robel-Botsford,32
Stiedemann-Lemke,79
Schneider Inc,88
"Brakus, Dach and Gorczany",25
Hoppe and Sons,25
"Padberg, Ankunding and Powlowski",6
Blick-Ledner,19
Volkman Inc,83
"Hane, Klein and Konopelski",53
O'Hara-Kiehn,17
Lesch-Donnelly,79
"Botsford, Haley and Beier",48
Bogan Inc,93
Macejkovic-Lang,99
Schumm LLC,69
"Zieme, Blanda and Rolfson",81
Kuhn-Altenwerth,38
Roob-Swift,97
McDermott Inc,56
Erdman-Kuhic,13
"Howe, Daugherty and Durgan",93
McLaughlin-Reichert,75
"Walker, Schmeler and Streich",71
Haag Inc,27
"O'Conner, Barton and Rosenbaum",76
Fritsch-Baumbach,10
"Jerde, Carter and Hickle",84
Gaylord Inc,54
Boehm Inc,11
"Bashirian, Franecki and Mills",73
"Abernathy, Fahey and Rosenbaum",16
Bailey-Spencer,13
"Daniel, Bins and Hirthe",28
"Harber, Dooley and Hansen",45
Cruickshank and Sons,7
Towne LLC,60
Carroll-Mitchell,21
Kirlin LLC,6
Murphy-Dietrich,32
Pfeffer Group,32
"Batz, Prosacco and Abernathy",13
Bashirian-Langosh,90
Walker Group,100
Windler-Bogan,58
"Hodkiewicz, Cummerata and Jast",62
Bartoletti-Daugherty,22
Wilkinson Group,4
"Dare, Little and Hodkiewicz",21
Kris-Block,33
Durgan-Feil,77
Gleichner Group,2
"Fritsch, Pouros and Turcotte",14
Oberbrunner Inc,82
Quigley Inc,34
"Mosciski, Daniel and Carroll",4
Hand-O'Conner,73
Emmerich LLC,28
Herman-Kassulke,80
"Grady, Ziemann and Pfannerstill",37
Upton-Smith,93
Murray-Rohan,90
Schowalter Group,15
Ortiz-Graham,23
Jacobs-O'Conner,15
"Collins, Dooley and White",91
Mills-Champlin,58
"Conn, Schinner and Pfannerstill",85
Kuhic Inc,20
"Powlowski, Erdman and Lowe",68
Turner-Armstrong,46
"Jenkins, Carter and Runte",37
"Lindgren, Gerhold and Emmerich",12
Waelchi-Schoen,23
Abbott Inc,89
Hahn Group,22
Dickens-Hansen,90
Hackett Group,74
Roob LLC,86
"Macejkovic, Grady and Ziemann",28
Harris-Runte,36
Watsica Inc,88
Lemke Group,82
"Upton, Parker and Boehm",63
"Vandervort, Tillman and Ernser",42
"Gibson, Effertz and Emmerich",82
"Jacobson, Harvey and Schmitt",1
"Stehr, Macejkovic and Kuvalis",44
Feil LLC,23
"Mosciski, Conroy and Streich",82
"Jast, Schimmel and Jerde",45
Price Inc,89
Kassulke-Turcotte,28
McKenzie Inc,56
Jacobi-Roberts,98
Fisher-Mohr,76
Macejkovic-Effertz,79
"Strosin, Wiza and Cormier",83
Gottlieb Inc,53
Schulist Inc,39
Beer-Ruecker,83
"Lemke, Marvin and Ebert",26
"Flatley, Padberg and Mraz",61
"Kemmer, Pouros and Feeney",65
Kling Group,72
Renner-Dooley,65
Monahan Inc,88
Predovic-Christiansen,75
Rohan Inc,6
"Hahn, Rolfson and Leannon",25
Jenkins and Sons,94
Gottlieb-Abbott,48
"Gerhold, Hirthe and Hamill",59
Pacocha-Stoltenberg,4
Ryan Group,66
Sawayn-Parisian,42
Christiansen Group,12
Grimes Inc,27
Gaylord-Labadie,38
"Steuber, Schaden and Hickle",12
"Baumbach, Kutch and Rodriguez",82
Spencer Group,60
Fay-O'Conner,50
Hyatt Group,63
Daniel Group,8
"Heaney, Windler and Jacobi",99
Schowalter LLC,80
Ullrich-Hayes,54
Rowe-Schneider,74
Krajcik Group,81
Boyer-Heller,71
"Streich, Schultz and Turner",37
Pouros-Von,13
Ferry LLC,51
Runte-Bailey,93
"Bauch, Renner and Bashirian",6
Gutkowski LLC,34
"Glover, Koss and Hayes",91
King Inc,9
"Altenwerth, Kassulke and Lehner",17
Little LLC,62
Marks and Sons,86
Satterfield-Pfannerstill,35
Medhurst Inc,75
Parker-Hackett,70
Schmitt LLC,53
"Feest, Macejkovic and Rau",41
"Schamberger, Bogisich and Price",43
VonRueden-Schimmel,65
Leannon and Sons,54
Sawayn LLC,94
Hudson-Trantow,71
Gutkowski-Windler,77
Hills-Nolan,67
Schultz Inc,77
Batz-Ruecker,33
Yost and Sons,99
"Heller, D'Amore and DuBuque",77
Jones-Gusikowski,91
Runolfsdottir-Gusikowski,48
Roberts-Sipes,57
Hodkiewicz-Haag,43
Smith Group,21
Hodkiewicz Inc,59
"Grady, Corwin and Schoen",34
Swaniawski Group,71
"Lueilwitz, Koch and Jones",68
"Russel, Reinger and Lowe",8
Heaney and Sons,17
Kuhn LLC,98
McGlynn-Abernathy,70
Aufderhar and Sons,22
"Schmidt, Osinski and Langworth",71
Mann-Nader,97
Muller-Jacobi,72
Pfannerstill-Crona,84
Johnston Group,75
"Okuneva, Schuster and Roberts",52
Lang and Sons,85
Von-Turcotte,97
"Funk, Gutkowski and Ratke",26
"Welch, Fisher and Ziemann",8
Moore-Howell,81
O'Connell-Rippin,15
"Stracke, Emmerich and Nader",1
Murray Inc,28
Towne-Davis,6
Toy Inc,52
West-McKenzie,26
Schowalter-McGlynn,14
Rohan-Dare,60
"Reinger, McDermott and Braun",16
Lang and Sons,11
Howe Inc,94
"Corwin, Schmeler and Schuster",38
"Rutherford, Hand and Altenwerth",19
"Shields, Muller and Heidenreich",57
"Wiegand, Kulas and Barrows",50
Sporer-Collins,38
Harris-Herman,47
"Altenwerth, Shields and Jones",73
Labadie-Reichel,18
Keebler Inc,2
"Haley, Quigley and Cormier",77
Auer Group,33
Monahan Inc,60
Hahn LLC,44
Brown-Harris,73
Simonis-Dickens,100
Treutel-Bechtelar,50
Kutch LLC,9
Christiansen-Harber,67
Bins-Armstrong,95
Heathcote Group,29
O'Keefe Group,57
Adams-Hermann,100
Hand Inc,66
"Ullrich, Lubowitz and Upton",7
Fritsch and Sons,86
"Kovacek, Kulas and Walsh",79
Ondricka Group,41
Langworth-Zulauf,89
Boyle-Gleason,55
Kirlin LLC,41
Raynor-Becker,99
"Green, Aufderhar and Shanahan",47
Blick-Ryan,42
Stanton-Turner,79
Schowalter-Nikolaus,78
Walker-Bruen,41
"Rowe, Thompson and Lemke",68
Becker-Wyman,33
Heaney LLC,99
"Grady, Gleason and Runte",76
"Gottlieb, Corkery and Shanahan",76
Kunde and Sons,10
Hirthe Group,4
Huels-Sipes,98
Waters-Wyman,96
"Cummerata, Leuschke and Kertzmann",39
Nader and Sons,45
"Reynolds, Hoeger and Russel",58
"Boyle, Windler and Gutkowski",91
Boehm-Franecki,53
"Lakin, Cruickshank and Hirthe",10
Dibbert-Nienow,9
Kuvalis LLC,48
Flatley and Sons,75
"Hyatt, Gleason and Ullrich",48
"Wuckert, West and Feest",50
Prosacco-Jacobs,88
Torp-Armstrong,25
Krajcik LLC,10
"Oberbrunner, Reichert and Gleichner",33
O'Conner LLC,14
Buckridge Group,70
Hagenes Group,70
White-Erdman,54
"Volkman, Wiza and Hodkiewicz",28
"Terry, Green and Erdman",34
"Abernathy, Runolfsson and Gulgowski",43
Conroy-Reichel,58
"Hermiston, Bechtelar and Huels",76
"Feil, Legros and Weimann",16
Pfeffer-Skiles,78
"Shields, Okuneva and Baumbach",78
Schulist LLC,44
Welch-Mitchell,24
"Romaguera, Mayert and Parker",17
Bode Group,55
Rogahn Inc,54
Pacocha-Schimmel,42
Stiedemann and Sons,55
Buckridge Inc,85
Vandervort and Sons,51
Mitchell-Cartwright,76
Mann-Jerde,56
Koelpin-Daniel,14
Ruecker Group,17
Leuschke LLC,40
"Cormier, Fritsch and Stroman",22
McLaughlin-Vandervort,21
"DuBuque, McLaughlin and Fahey",90
Beier and Sons,52
Kohler Inc,30
Bayer Inc,56
"Stamm, Fahey and Carter",94
Volkman-Larson,3
Waters-Labadie,24
Effertz-Bartoletti,70
Kuhlman Group,88
Champlin LLC,48
Batz Group,55
Jones-Rogahn,90
Johns Inc,66
"Feest, Leannon and Windler",87
Jones Group,78
"Parker, Will and Mitchell",98
Kutch and Sons,9
Altenwerth-Heaney,38
Swaniawski-Stroman,78
"Bradtke, Schuppe and Wehner",4
Parker-Gottlieb,36
Medhurst LLC,69
"Okuneva, Ryan and Bayer",61
Konopelski Group,52
Roberts-Boyer,43
Von LLC,1
Dietrich-Huel,31
Swift Inc,45
"Mills, Hagenes and Lind",14
Barton-Grimes,57
Will and Sons,32
"Cummerata, Prosacco and Anderson",98
Schaefer Group,62
"Kilback, Marks and Littel",9
"Cronin, Strosin and Spencer",89
Dibbert-Spencer,62
"Lueilwitz, Bailey and Kreiger",59
Hand-Runte,44
"Herzog, Kuvalis and Mertz",65
